<?xml version="1.0" encoding="UTF-8" standalone="yes"?>
<addon id="plugin.video.vietkeynet.movie"
       name="Vietkeynet Movie"
       version="1.0.19"
       provider-name="Vietkeynet">
	<requires>
		<import addon="xbmc.python" version="2.1.0" />
		<import addon="script.module.simple.downloader" version="1.9.4" />
    <import addon="plugin.video.youtube" version="4.4.10"/> 
	</requires>
    <extension point="xbmc.python.pluginsource"
               library="default.py">
        <provides>video</provides>
    </extension>
    <extension point="xbmc.addon.metadata">
        <platform>all</platform>
        <language>en</language>
		<summary lang="en">Vietkeynet Movie online</summary>
		<description lang="en">Add-on play Movie online.</description>
    <disclaimer></disclaimer>
    </extension>
</addon>
