<?xml version="1.0" encoding="UTF-8" standalone="yes"?>
<addon id="plugin.video.vietmediaF"
       name="[B]VietMediaF[/B]"
       version="1.0.2"
       provider-name="VietMedia">
	<requires>
		<import addon="xbmc.python" version="2.1.0" />
    <import addon="script.module.simple.downloader" version="1.9.4" />
    <import addon="plugin.video.youtube" version="4.4.10"/> 
 	</requires>
    <extension point="xbmc.python.pluginsource"
               library="default.py">
        <provides>video</provides>
    </extension>
    <extension point="xbmc.addon.metadata">
        <platform>all</platform>
        <language>en</language>
		<summary lang="en">VietMediaF Video Online</summary>
		<description lang="en">Trung tâm giải trí trực tuyến, xem phim, shows, tivi, ca nhạc, karaoke</description>
    <disclaimer></disclaimer>
    </extension>
</addon>
